<?xml version="1.0" encoding="UTF-8" ?><sets>    <movieset title="batchintervall" info="Duration of data sets" default="10000" type="number"/>    <movieset title="itemsperbatch" info="Number of data sets per page" default="1" type="number"/>    <movieset title="PromoAF" info="Link to the promotion Animation Factory." default="" type="animationFactory"/>    <movieset title="GlobalAF" info="Link to the global Animation Factory." default="" type="animationFactory"/>    <dataset title="Language" info="Language of the playout" type="short_text"/>    <dataset title="Price" info="Price of the product." type="number"/>    <dataset title="Description" info="Description of the product." type="long_text"/>    <dataset title="DiscountType" info="The type of the discount." type="short_text"/>    <dataset title="DiscountAmount" info="The type of the discount." type="short_text"/></sets>